<?xml version="1.0" encoding="UTF-8"?>
<project-private xmlns="http://www.netbeans.org/ns/project-private/1">
    <editor-bookmarks xmlns="http://www.netbeans.org/ns/editor-bookmarks/2" lastBookmarkId="0"/>
    <open-files xmlns="http://www.netbeans.org/ns/projectui-open-files/2">
        <group>
            <file>file:/C:/Users/lukap/Documents/NetBeansProjects/Java_GYM/src/hr/lpusic/xml/clanovi.xml</file>
            <file>file:/C:/Users/lukap/Documents/NetBeansProjects/Java_GYM/clanoviSharkGyma.xml</file>
            <file>file:/C:/Users/lukap/Documents/NetBeansProjects/Java_GYM/src/hr/lpusic/GymApplication.java</file>
            <file>file:/C:/Users/lukap/Documents/NetBeansProjects/Java_GYM/src/hr/lpusic/net/Server.java</file>
            <file>file:/C:/Users/lukap/Documents/NetBeansProjects/Java_GYM/src/hr/lpusic/xml/xmlReader.java</file>
            <file>file:/C:/Users/lukap/Documents/NetBeansProjects/Java_GYM/src/hr/lpusic/sync/GymProstor.java</file>
            <file>file:/C:/Users/lukap/Documents/NetBeansProjects/Java_GYM/src/hr/lpusic/sync/GymProstorMain.java</file>
        </group>
    </open-files>
</project-private>
