<?xml version="1.0" encoding="UTF-8"?>
<clanovi>
    <clan>
        <prezime>Pušić</prezime>
        <ime>Luka</ime>
        <oib>09867857243</oib>
        <dob>1996-05-22</dob>
        <adresa>Novačka 62a</adresa>
        <email>puska2205@gmail.com</email>
        <telefon>0989666846</telefon>
        <vrstaClana>MJESEČNA BEZ UGOVORA  - 350 KN</vrstaClana>
    </clan>
    <clan>
        <prezime>Dejanović</prezime>
        <ime>Ante</ime>
        <oib>09867856534</oib>
        <dob>1997-11-28</dob>
        <adresa>Rudolfa kolaka 2</adresa>
        <email>adejanovic@gmail.com</email>
        <telefon>0919777253</telefon>
        <vrstaClana>MJESEČNA BEZ UGOVORA  - 350 KN</vrstaClana>
    </clan>
    <clan>
        <prezime>Meštrović</prezime>
        <ime>Mirko</ime>
        <oib>09867857243</oib>
        <dob>1996-08-24</dob>
        <adresa>Zdenački zavoj 31a</adresa>
        <email>mestar707@gmail.com</email>
        <telefon>0998291541</telefon>
        <vrstaClana>MJESEČNA BEZ UGOVORA  - 350 KN</vrstaClana>
    </clan>
</clanovi>
    
